Sample ID	SampleName	Sample_Well	I7_Index_ID	index	I5_Index_ID	index2	BodySite	RvInfected
KHH37-S1	1	A01	N701	TAAGGCGA	S503	TATCCTCT	SI	No_SI
KHH37-S2	2	A02	N702	CGTACTAG	S503	TATCCTCT	SI	No_SI
KHH37-S3	3	A03	N703	AGGCAGAA	S503	TATCCTCT	SI	No_SI
KHH37-S4	4	A04	N704	TCCTGAGC	S503	TATCCTCT	SI	No_SI
KHH37-S5	5	A05	N705	GGACTCCT	S503	TATCCTCT	SI	No_SI
KHH37-S6	6	A06	N706	TAGGCATG	S503	TATCCTCT	SI	Yes_4wk_SI
KHH37-S7	7	A07	N707	CTCTCTAC	S503	TATCCTCT	SI	Yes_4wk_SI
KHH37-S8	8	A08	N708	CAGAGAGG	S503	TATCCTCT	SI	Yes_4wk_SI
KHH37-S9	9	B01	N701	TAAGGCGA	S504	AGAGTAGA	SI	Yes_4wk_SI
KHH37-S10	10	B02	N702	CGTACTAG	S504	AGAGTAGA	SI	Yes_4wk_SI
KHH37-S11	11	B03	N703	AGGCAGAA	S504	AGAGTAGA	SI	Yes_3wk_SI
KHH37-S12	12	B04	N704	TCCTGAGC	S504	AGAGTAGA	SI	Yes_3wk_SI
KHH37-S13	13	B05	N705	GGACTCCT	S504	AGAGTAGA	SI	Yes_3wk_SI
KHH37-S14	14	B06	N706	TAGGCATG	S504	AGAGTAGA	SI	Yes_3wk_SI
KHH37-S15	15	B07	N707	CTCTCTAC	S504	AGAGTAGA	SI	Yes_3wk_SI
KHH37-S16	16	B08	N708	CAGAGAGG	S504	AGAGTAGA	SI	Yes_2wk_SI
KHH37-S17	17	C01	N701	TAAGGCGA	S505	GTAAGGAG	SI	Yes_2wk_SI
KHH37-S18	18	C02	N702	CGTACTAG	S505	GTAAGGAG	SI	Yes_2wk_SI
KHH37-S19	19	C03	N703	AGGCAGAA	S505	GTAAGGAG	SI	Yes_2wk_SI
KHH37-S20	20	C04	N704	TCCTGAGC	S505	GTAAGGAG	SI	Yes_2wk_SI
KHH37-S21	21	C05	N705	GGACTCCT	S505	GTAAGGAG	SI	Yes_1wk_SI
KHH37-S23	22	C06	N706	TAGGCATG	S505	GTAAGGAG	SI	Yes_1wk_SI
KHH37-S24	23	C07	N707	CTCTCTAC	S505	GTAAGGAG	SI	Yes_1wk_SI
KHH37-S25	24	C08	N708	CAGAGAGG	S505	GTAAGGAG	SI	Yes_1wk_SI
KHH37-L1	25	D01	N701	TAAGGCGA	S506	ACTGCATA	LI	No_LI
KHH37-L2	26	D02	N702	CGTACTAG	S506	ACTGCATA	LI	No_LI
KHH37-L3	27	D03	N703	AGGCAGAA	S506	ACTGCATA	LI	No_LI
KHH37-L4	28	D04	N704	TCCTGAGC	S506	ACTGCATA	LI	No_LI
KHH37-L5	29	D05	N705	GGACTCCT	S506	ACTGCATA	LI	No_LI
KHH37-L6	30	D06	N706	TAGGCATG	S506	ACTGCATA	LI	Yes_4wk_LI
KHH37-L7	31	D07	N707	CTCTCTAC	S506	ACTGCATA	LI	Yes_4wk_LI
KHH37-L8	32	D08	N708	CAGAGAGG	S506	ACTGCATA	LI	Yes_4wk_LI
KHH37-L9	33	E01	N701	TAAGGCGA	S507	AAGGAGTA	LI	Yes_4wk_LI
KHH37-L10	34	E02	N702	CGTACTAG	S507	AAGGAGTA	LI	Yes_4wk_LI
KHH37-L11	35	E03	N703	AGGCAGAA	S507	AAGGAGTA	LI	Yes_3wk_LI
KHH37-L12	36	E04	N704	TCCTGAGC	S507	AAGGAGTA	LI	Yes_3wk_LI
KHH37-L13	37	E05	N705	GGACTCCT	S507	AAGGAGTA	LI	Yes_3wk_LI
KHH37-L14	38	E06	N706	TAGGCATG	S507	AAGGAGTA	LI	Yes_3wk_LI
KHH37-L15	39	E07	N707	CTCTCTAC	S507	AAGGAGTA	LI	Yes_3wk_LI
KHH37-L16	40	E08	N708	CAGAGAGG	S507	AAGGAGTA	LI	Yes_2wk_LI
KHH37-L17	41	F01	N701	TAAGGCGA	S508	CTAAGCCT	LI	Yes_2wk_LI
KHH37-L18	42	F02	N702	CGTACTAG	S508	CTAAGCCT	LI	Yes_2wk_LI
KHH37-L19	43	F03	N703	AGGCAGAA	S508	CTAAGCCT	LI	Yes_2wk_LI
KHH37-L20	44	F04	N704	TCCTGAGC	S508	CTAAGCCT	LI	Yes_2wk_LI
KHH37-L21	45	F05	N705	GGACTCCT	S508	CTAAGCCT	LI	Yes_1wk_LI
KHH37-L23	46	F06	N706	TAGGCATG	S508	CTAAGCCT	LI	Yes_1wk_LI
KHH37-L24	47	F07	N707	CTCTCTAC	S508	CTAAGCCT	LI	Yes_1wk_LI
KHH37-L25	48	F08	N708	CAGAGAGG	S508	CTAAGCCT	LI	Yes_1wk_LI